market,period,months,ann_return,ann_vol,sharpe,max_drawdown,win_rate,calmar,buy_hold_ann_return,excess_ann_return_vs_bh
Nikkei225,1990-2000,132,-0.07487672125624667,0.1250336758102609,-0.5988524353220839,-0.5554623496013181,0.17424242424242425,-0.13480071387374729,-0.09002924872528806,0.015152527469041388
Nikkei225,2001-2012,144,0.009591980197282579,0.11239970568096844,0.08533812556865704,-0.3454770172530983,0.2361111111111111,0.027764452389767633,-0.0232495426464967,0.03284152284377928
Nikkei225,2013-2019,84,0.09083901542212125,0.13663386658454374,0.6648352834684188,-0.22684456857500734,0.44047619047619047,0.4004460675111331,0.12464961678019382,-0.03381060135807257
Nikkei225,2020-2022,36,-0.022276985102221758,0.15708845795372295,-0.1418117243775121,-0.20593960294080482,0.3333333333333333,-0.10817241940893245,0.03323418659092803,-0.055511171693149786
Nikkei225,2023-present,41,0.24183555380802124,0.1952360998669903,1.2386825693239008,-0.13231121697947834,0.5121951219512195,1.8277781682374692,0.2963397569242394,-0.054504203116218175
TOPIX_ETF_1306,1990-2000,0,,,,,,,,
TOPIX_ETF_1306,2001-2012,59,-0.03288394703188935,0.09426818579273984,-0.34883398630571655,-0.2810841331522169,0.06779661016949153,-0.11698969508919786,-0.08624231514185299,0.05335836810996364
TOPIX_ETF_1306,2013-2019,84,0.09242775014511162,0.13428376673854858,0.6883017388473254,-0.21409210849763372,0.4523809523809524,0.4317195565670894,0.11547392073007567,-0.023046170584964054
TOPIX_ETF_1306,2020-2022,36,-0.015478506909456402,0.1416428630568276,-0.10927841033011576,-0.2017005765038915,0.3888888888888889,-0.0767400231459317,0.03676127800608198,-0.05223978491553838
TOPIX_ETF_1306,2023-present,41,-0.38847652794347043,0.5079336392779329,-0.7648174838266668,-0.9100944096111149,0.6585365853658537,-0.4268529988108236,-0.3664728248737388,-0.02200370306973165
TOPIX_ETF_1308,1990-2000,0,,,,,,,,
TOPIX_ETF_1308,2001-2012,59,-0.03134118403181785,0.09492617585194939,-0.3301637693769398,-0.2815408634475618,0.06779661016949153,-0.11132019575430221,-0.08828403219950087,0.056942848167683024
TOPIX_ETF_1308,2013-2019,84,0.0992164867181955,0.13407288866809883,0.74001901282077,-0.21551885092138634,0.4642857142857143,0.4603610602693226,0.12707000675771218,-0.027853520039516688
TOPIX_ETF_1308,2020-2022,36,0.006577029345374186,0.14048170736418755,0.04681769227308553,-0.1890275682438144,0.3888888888888889,0.034794021879871524,0.05614319475065477,-0.04956616540528058
TOPIX_ETF_1308,2023-present,41,0.2363640226080279,0.12597622146312462,1.8762590262100827,-0.10376896720509055,0.7073170731707317,2.2777910291896277,0.2648108148680435,-0.028446792260015563
Growth250_ETF_2516,1990-2000,0,,,,,,,,
Growth250_ETF_2516,2001-2012,0,,,,,,,,
Growth250_ETF_2516,2013-2019,23,0.0,0.0,,0.0,0.0,,-0.17515015834813297,0.17515015834813297
Growth250_ETF_2516,2020-2022,36,-0.017298064770873478,0.17079241196138686,-0.10128122539064711,-0.18847341734520295,0.25,-0.09177986484529432,-0.06522456370744556,0.04792649893657208
Growth250_ETF_2516,2023-present,41,-0.01857665907895001,0.16471870366305558,-0.1127780796341741,-0.3049770901640848,0.24390243902439024,-0.0609116542785405,0.045202660336425726,-0.06377931941537573
SP500_SPY,1990-2000,95,0.15615528404214118,0.1334585144959055,1.1700661035525912,-0.15278496899990934,0.5789473684210527,1.022059205590007,0.16910656438799765,-0.012951280345856464
SP500_SPY,2001-2012,144,0.05950040572590365,0.09313815126328082,0.6388403132214773,-0.17156978230790976,0.4097222222222222,0.3468000304338006,0.026046883361233064,0.033453522364670585
SP500_SPY,2013-2019,84,0.1260046118300555,0.10826303247606393,1.1638747682216837,-0.1353211416890452,0.6904761904761905,0.93115244415837,0.14588686794986438,-0.019882256119808872
SP500_SPY,2020-2022,36,0.051762814399759716,0.18017373573614126,0.2872938954630142,-0.1998134413498155,0.4722222222222222,0.2590557174236242,0.07618483062822756,-0.024422016228467847
SP500_SPY,2023-present,41,0.19810885874774575,0.12324492744775156,1.607440264279696,-0.08325856994143788,0.6097560975609756,2.3794410459738966,0.23094748082580074,-0.03283862207805499
Nasdaq100_QQQ,1990-2000,21,-0.2417740942148725,0.26500940200016027,-0.9123227039874091,-0.42558448435441953,0.09523809523809523,-0.5680989394658644,0.06285017176795904,-0.30462426598283154
Nasdaq100_QQQ,2001-2012,144,0.06607317263967194,0.13551431296225996,0.4875733876027765,-0.2379364059356761,0.3680555555555556,0.27769257243271217,0.014180757661624188,0.05189241497804775
Nasdaq100_QQQ,2013-2019,84,0.20111007733426756,0.13486860788522329,1.4911555808851937,-0.1696773758371931,0.6547619047619048,1.1852498091863135,0.19666433183897136,0.004445745495296194
Nasdaq100_QQQ,2020-2022,36,0.1362756303559487,0.2022529378542983,0.6737881377729147,-0.22417715139110084,0.5,0.6078925952547296,0.08434008015671934,0.05193555019922935
Nasdaq100_QQQ,2023-present,41,0.24227891100110677,0.1573297264023983,1.5399436364710637,-0.10084564845847432,0.5853658536585366,2.402472637189408,0.3441067216964149,-0.10182781069530811
Germany_EWG,1990-2000,57,0.07393813523034054,0.20103795507584965,0.36778197033711574,-0.26755292671166186,0.43859649122807015,0.2763495661926459,0.11983256559868205,-0.04589443036834151
Germany_EWG,2001-2012,144,0.08102652606217564,0.1579629534859063,0.5129463856815323,-0.3489746736613163,0.3611111111111111,0.23218454569231223,0.03949830483158201,0.04152822123059363
Germany_EWG,2013-2019,84,0.021081963372168833,0.10492164039628228,0.20093055438843327,-0.20308782312727536,0.2976190476190476,0.10380712662893996,0.04759963771617204,-0.026517674344003206
Germany_EWG,2020-2022,36,-0.12066223516227503,0.18056436226329847,-0.6682505542612317,-0.3426580153166786,0.2222222222222222,-0.3521360358395851,-0.03101154733936229,-0.08965068782291274
Germany_EWG,2023-present,41,0.13925245963124033,0.15329344323941307,0.9084045389583716,-0.14120050655680205,0.5609756097560976,0.986203683166122,0.19853432650686664,-0.05928186687562631
Korea_EWY,1990-2000,7,0.0,0.0,,0.0,0.0,,-0.5392187266089988,0.5392187266089988
Korea_EWY,2001-2012,144,0.0961619968487668,0.21931640192933652,0.43846240410122217,-0.3266090561042069,0.4166666666666667,0.29442538426762316,0.155661553463448,-0.059499556614681204
Korea_EWY,2013-2019,84,0.025450557863867962,0.12811137761775943,0.1986596220969829,-0.26560389935393236,0.38095238095238093,0.09582147673951745,0.015556852900377782,0.00989370496349018
Korea_EWY,2020-2022,36,0.06598488169447281,0.14815113042009997,0.4453889856079053,-0.18727179764859647,0.25,0.3523482047109368,-0.018353720157968545,0.08433860185244135
Korea_EWY,2023-present,41,0.21262649671031486,0.34162646067713726,0.622394694746034,-0.25000963668282616,0.2926829268292683,0.8504732038791877,0.4383268187232343,-0.22570032201291945
Taiwan_EWT,1990-2000,6,0.0,0.0,,0.0,0.0,,-0.6514898955652524,0.6514898955652524
Taiwan_EWT,2001-2012,144,-0.004728235551937687,0.1732746977058563,-0.02728751291757633,-0.42182083676009074,0.2916666666666667,-0.011209108559582267,0.04249702090634022,-0.04722525645827791
Taiwan_EWT,2013-2019,84,0.0414644633522776,0.11993382290770105,0.34572785513714444,-0.18734788153756454,0.44047619047619047,0.2213233638511343,0.08777051865482766,-0.04630605530255005
Taiwan_EWT,2020-2022,36,0.13080907853686896,0.1813516594069402,0.721300698127844,-0.16063647034234252,0.4722222222222222,0.8143174352504975,0.06415205475505426,0.0666570237818147
Taiwan_EWT,2023-present,41,0.3011868699185738,0.209516850230972,1.4375305355466375,-0.0957839191607881,0.5121951219512195,3.144440868127197,0.3699005911408071,-0.06871372122223329
USDJPY,1990-2000,50,0.002704926601937885,0.09621621717108365,0.028113000920917623,-0.20020727707726138,0.14,0.013510630789379523,0.00042010292224947676,0.002284823679688408
USDJPY,2001-2012,144,0.00849941128316356,0.06002897475576867,0.1415884798589998,-0.20528061390704322,0.2013888888888889,0.041403867230309095,-0.02352260647546689,0.03202201775863045
USDJPY,2013-2019,84,0.03787722501521573,0.06274609596483563,0.6036586728271192,-0.1079784045446398,0.34523809523809523,0.35078518871388537,0.03433338308392053,0.0035438419312951996
USDJPY,2020-2022,36,0.06867211755618086,0.08628275586880886,0.7958962004017974,-0.10077663823304761,0.4166666666666667,0.6814289378990344,0.06877353174297984,-0.00010141418679898706
USDJPY,2023-present,41,0.025858415880597674,0.08381367392288806,0.30852263921026124,-0.12057330136569466,0.4146341463414634,0.21446220338754754,0.05414510374868153,-0.02828668786808386
DXY,1990-2000,132,0.0008928367824529992,0.05686410018540623,0.01570123820726771,-0.1424980945819989,0.3106060606060606,0.006265605059997672,0.01480094871734905,-0.01390811193489605
DXY,2001-2012,144,-0.023206538469338622,0.05528739556078595,-0.4197437450969109,-0.31789827154386263,0.14583333333333334,-0.07299988879032535,-0.026097165142672685,0.0028906266733340624
DXY,2013-2019,84,0.009455587115369424,0.053869995214293365,0.17552604335224753,-0.11199122945049012,0.39285714285714285,0.08443149666063464,0.027405229518376872,-0.01794964240300745
DXY,2020-2022,36,0.016372812349630506,0.06050100893006612,0.27062048450392034,-0.0767035844884314,0.3333333333333333,0.2134556352069816,0.02407262568238311,-0.007699813332752603
DXY,2023-present,41,-0.03964006929963071,0.042621670281938154,-0.9300449521901782,-0.1402822148372902,0.0975609756097561,-0.2825737342799173,-0.012052025609146533,-0.027588043690484176
SOX,1990-2000,79,0.028770422399667428,0.3930448150436967,0.07319883458192644,-0.545651448328883,0.3291139240506329,0.05272674064694592,0.26642904160506475,-0.23765861920539733
SOX,2001-2012,144,-0.03680432848825199,0.17270570442590732,-0.21310430139290193,-0.4536027110055838,0.18055555555555555,-0.0811378053862622,-0.03325800653025146,-0.003546321958000531
SOX,2013-2019,84,0.14938038151560318,0.168727314715406,0.8853360925441415,-0.2631366858373726,0.5,0.5676912021607102,0.251774802654108,-0.10239442113850483
SOX,2020-2022,36,0.18767752151899542,0.22473838797897538,0.8350932976192431,-0.26010788991897305,0.5277777777777778,0.721537211260525,0.1103673722719909,0.07731014924700452
SOX,2023-present,41,0.3323496802836807,0.29760709372504635,1.1167397797000511,-0.22699396137550287,0.4878048780487805,1.4641344565721466,0.5845027693489622,-0.25215308906528144
VIX,1990-2000,131,-0.0828503902459573,0.3587131625998121,-0.23096557050064798,-0.723801402012687,0.16793893129770993,-0.11446563935296866,0.005243563567017828,-0.08809395381297513
VIX,2001-2012,144,-0.20347782223133526,0.3733131277122113,-0.5450593807893013,-0.9432738464358771,0.16666666666666666,-0.21571447464611487,-0.03268584765707039,-0.17079197457426487
VIX,2013-2019,84,-0.009853276356581064,0.7372759969543936,-0.013364433939642508,-0.6166559007951647,0.20238095238095238,-0.0159785649401481,-0.03759838194632903,0.027745105589747965
VIX,2020-2022,36,-0.09750912738380335,0.8055662846758372,-0.12104420112746075,-0.6376541037207192,0.3333333333333333,-0.15291852873656178,0.162884462562356,-0.26039358994615935
VIX,2023-present,41,0.24013275606858553,0.41514013950712103,0.5784378170554294,-0.3781376849297996,0.2682926829268293,0.6350405305759611,-0.07341525716946795,0.3135480132380535
US10Y,1990-2000,132,-0.016829968116135352,0.07482973230620375,-0.2249101740370661,-0.2922423329945595,0.18181818181818182,-0.057589083496841185,-0.03916283320293368,0.022332865086798326
US10Y,2001-2012,144,-0.0529019460187129,0.11911314387796071,-0.4441318925551528,-0.49686566538876276,0.09722222222222222,-0.10647132555903377,-0.08516669375419139,0.032264747735478494
US10Y,2013-2019,84,-0.03711538683994453,0.15137160336916292,-0.24519385415656894,-0.4715127550701427,0.25,-0.0787155521051031,0.012761558671080753,-0.049876945511025284
US10Y,2020-2022,36,0.3048437425418309,0.32662671136152477,0.9333092853034193,-0.2903780491052135,0.3611111111111111,1.0498167595009085,0.26439158699369525,0.04045215554813564
US10Y,2023-present,41,-0.03465582511306897,0.18387563600880377,-0.1884742637214301,-0.326204134291067,0.2926829268292683,-0.1062396869628455,0.04834389950851814,-0.08299972462158711
